{
  "project_info": {
    "project_number": "206838697985",
    "firebase_url": "https://fvast-717eb-default-rtdb.firebaseio.com",
    "project_id": "fvast-717eb",
    "storage_bucket": "fvast-717eb.appspot.com"
  },
  "client": [
    {
      "client_info": {
        "mobilesdk_app_id": "1:206838697985:android:db4af478ad0ed413b5b000",
        "android_client_info": {
          "package_name": "com.taxi.fvast_driver_app"
        }
      },
      "oauth_client": [
        {
          "client_id": "206838697985-9hrju9kmqsftfmbrri1npiiaf9tuanpl.apps.googleusercontent.com",
          "client_type": 1,
          "android_info": {
            "package_name": "com.taxi.fvast_driver_app",
            "certificate_hash": "21956f9b533d5316a8d59a19d0920903bfd6aa0d"
          }
        },
        {
          "client_id": "206838697985-ncoml65on201vq2a9iiolg0jcg52sqtq.apps.googleusercontent.com",
          "client_type": 3
        }
      ],
      "api_key": [
        {
          "current_key": "AIzaSyD02G2ejlJoqm2iYSG6rMxVrnEdgEgyFGk"
        },
        {
          "current_key": "AIzaSyCWO7sEA3rYFkDBWUrlTo7a1wSswg5Msdg"
        }
      ],
      "services": {
        "appinvite_service": {
          "other_platform_oauth_client": [
            {
              "client_id": "206838697985-ncoml65on201vq2a9iiolg0jcg52sqtq.apps.googleusercontent.com",
              "client_type": 3
            }
          ]
        }
      }
    },
    {
      "client_info": {
        "mobilesdk_app_id": "1:206838697985:android:d883a8dd030d56dbb5b000",
        "android_client_info": {
          "package_name": "com.user.fvast_user_app"
        }
      },
      "oauth_client": [
        {
          "client_id": "206838697985-58gimumktjqcug8binprvb9crmk3tqtf.apps.googleusercontent.com",
          "client_type": 1,
          "android_info": {
            "package_name": "com.user.fvast_user_app",
            "certificate_hash": "21956f9b533d5316a8d59a19d0920903bfd6aa0d"
          }
        },
        {
          "client_id": "206838697985-ncoml65on201vq2a9iiolg0jcg52sqtq.apps.googleusercontent.com",
          "client_type": 3
        }
      ],
      "api_key": [
        {
          "current_key": "AIzaSyD02G2ejlJoqm2iYSG6rMxVrnEdgEgyFGk"
        },
        {
          "current_key": "AIzaSyCWO7sEA3rYFkDBWUrlTo7a1wSswg5Msdg"
        }
      ],
      "services": {
        "appinvite_service": {
          "other_platform_oauth_client": [
            {
              "client_id": "206838697985-ncoml65on201vq2a9iiolg0jcg52sqtq.apps.googleusercontent.com",
              "client_type": 3
            }
          ]
        }
      }
    }
  ],
  "configuration_version": "1"
}